Workbook
Name مقسم_طريقة_العرض_التصنيف: #N/A
Name مقسم_طريقة_العرض_المدينة: #N/A
Name مقسم_طريقة_العرض_دار_النشر: #N/A

Sheet الملخصات
A1: تسميات الصفوف | B1: مجموع من الإيرادات | D1: تسميات الصفوف | E1: مجموع من عدد الكتب المباعة | G1: تسميات الصفوف | H1: مجموع من عدد الزوار
A2: الإبداع | B2: 41100 | D2: أدب | E2: 1100 | G2: الدمام | H2: 4400
A3: الفكر | B3: 23700 | D3: أطفال | E3: 1370 | G3: الرياض | H3: 3710
A4: المعرفة | B4: 33000 | D4: تاريخ | E4: 790 | G4: جدة | H4: 2830
A5: الإجمالي الكلي | B5: 97800 | D5: الإجمالي الكلي | E5: 3260 | G5: الإجمالي الكلي | H5: 10940

Sheet Dashboard
C5: إجمالي الإيرادات: | F5: إجمالي الكتب المباعة: | I5: إجمالي الزوار:
C6: =GETPIVOTDATA("الإيرادات",الملخصات!$A$1) -> 97800 | F6: =GETPIVOTDATA("عدد الكتب المباعة",الملخصات!$D$1) -> 3260 | I6: =GETPIVOTDATA("عدد الزوار",الملخصات!$G$1) -> 10940
L10: عدد دور النشر المشاركة:
L11: 3
C12: متوسط الزوار اليومي: | F12: أفضل دار نشر (من حيث الإيرادات): | I12: أعلى تصنيف مبيعاً:
C13: =AVERAGE(بيانات!G2:G22) -> 520.95238 | F13: =GETPIVOTDATA("الإيرادات",الملخصات!$A$1,"دار النشر","الإبداع") -> 41100 | I13: =GETPIVOTDATA("عدد الكتب المباعة",الملخصات!$D$1,"التصنيف","أطفال") -> 1370

Sheet بيانات
A1: التاريخ | B1: الجناح | C1: دار النشر | D1: التصنيف | E1: عدد الكتب المباعة | F1: الإيرادات | G1: عدد الزوار | H1: المدينة | I1: تصنيف الأداء | K1: أيام الأطفال
A2: 46023 | B2: A1 | C2: المعرفة | D2: أدب | E2: 120 | F2: 3600 | G2: 450 | H2: الرياض | I2: =IF(F2>5000,"أداء مرتفع","أداء متوسط") -> أداء متوسط | K2: =COUNTIFS(D2:D22,"أطفال",E2:E22,">150") -> 6
A3: 46023 | B3: A2 | C3: الفكر | D3: تاريخ | E3: 80 | F3: 2400 | G3: 320 | H3: جدة | I3: =IF(F3>5000,"أداء مرتفع","أداء متوسط") -> أداء متوسط | K3: إيرادات الأدب
A4: 46023 | B4: A3 | C4: الإبداع | D4: أطفال | E4: 150 | F4: 4500 | G4: 500 | H4: الدمام | I4: =IF(F4>5000,"أداء مرتفع","أداء متوسط") -> أداء متوسط | K4: =SUMIFS(F2:F22,D2:D22,"أدب") -> 33000
A5: 46024 | B5: A1 | C5: المعرفة | D5: أدب | E5: 140 | F5: 4200 | G5: 480 | H5: الرياض | I5: =IF(F5>5000,"أداء مرتفع","أداء متوسط") -> أداء متوسط
A6: 46024 | B6: A2 | C6: الفكر | D6: تاريخ | E6: 90 | F6: 2700 | G6: 350 | H6: جدة | I6: =IF(F6>5000,"أداء مرتفع","أداء متوسط") -> أداء متوسط
A7: 46024 | B7: A3 | C7: الإبداع | D7: أطفال | E7: 170 | F7: 5100 | G7: 550 | H7: الدمام | I7: =IF(F7>5000,"أداء مرتفع","أداء متوسط") -> أداء مرتفع
A8: 46025 | B8: A1 | C8: المعرفة | D8: أدب | E8: 160 | F8: 4800 | G8: 520 | H8: الرياض | I8: =IF(F8>5000,"أداء مرتفع","أداء متوسط") -> أداء متوسط | K8: دار النشر
A9: 46025 | B9: A2 | C9: الفكر | D9: تاريخ | E9: 110 | F9: 3300 | G9: 400 | H9: جدة | I9: =IF(F9>5000,"أداء مرتفع","أداء متوسط") -> أداء متوسط | K9: الإبداع
A10: 46025 | B10: A3 | C10: الإبداع | D10: أطفال | E10: 180 | F10: 5400 | G10: 600 | H10: الدمام | I10: =IF(F10>5000,"أداء مرتفع","أداء متوسط") -> أداء مرتفع | K10: المدينة
A11: 46026 | B11: A1 | C11: المعرفة | D11: أدب | E11: 130 | F11: 3900 | G11: 470 | H11: الرياض | I11: =IF(F11>5000,"أداء مرتفع","أداء متوسط") -> أداء متوسط | K11: =_xlfn.XLOOKUP(K9,C2:C22,H2:H22) -> الدمام
A12: 46026 | B12: A2 | C12: الفكر | D12: تاريخ | E12: 100 | F12: 3000 | G12: 380 | H12: جدة | I12: =IF(F12>5000,"أداء مرتفع","أداء متوسط") -> أداء متوسط
A13: 46026 | B13: A3 | C13: الإبداع | D13: أطفال | E13: 190 | F13: 5700 | G13: 620 | H13: الدمام | I13: =IF(F13>5000,"أداء مرتفع","أداء متوسط") -> أداء مرتفع
A14: 46027 | B14: A1 | C14: المعرفة | D14: أدب | E14: 170 | F14: 5100 | G14: 540 | H14: الرياض | I14: =IF(F14>5000,"أداء مرتفع","أداء متوسط") -> أداء مرتفع
A15: 46027 | B15: A2 | C15: الفكر | D15: تاريخ | E15: 120 | F15: 3600 | G15: 420 | H15: جدة | I15: =IF(F15>5000,"أداء مرتفع","أداء متوسط") -> أداء متوسط
A16: 46027 | B16: A3 | C16: الإبداع | D16: أطفال | E16: 210 | F16: 6300 | G16: 680 | H16: الدمام | I16: =IF(F16>5000,"أداء مرتفع","أداء متوسط") -> أداء مرتفع
A17: 46028 | B17: A1 | C17: المعرفة | D17: أدب | E17: 180 | F17: 5400 | G17: 600 | H17: الرياض | I17: =IF(F17>5000,"أداء مرتفع","أداء متوسط") -> أداء مرتفع
A18: 46028 | B18: A2 | C18: الفكر | D18: تاريخ | E18: 140 | F18: 4200 | G18: 460 | H18: جدة | I18: =IF(F18>5000,"أداء مرتفع","أداء متوسط") -> أداء متوسط
A19: 46028 | B19: A3 | C19: الإبداع | D19: أطفال | E19: 220 | F19: 6600 | G19: 700 | H19: الدمام | I19: =IF(F19>5000,"أداء مرتفع","أداء متوسط") -> أداء مرتفع
A20: 46029 | B20: A1 | C20: المعرفة | D20: أدب | E20: 200 | F20: 6000 | G20: 650 | H20: الرياض | I20: =IF(F20>5000,"أداء مرتفع","أداء متوسط") -> أداء مرتفع
A21: 46029 | B21: A2 | C21: الفكر | D21: تاريخ | E21: 150 | F21: 4500 | G21: 500 | H21: جدة | I21: =IF(F21>5000,"أداء مرتفع","أداء متوسط") -> أداء متوسط
A22: 46029 | B22: A3 | C22: الإبداع | D22: أطفال | E22: 250 | F22: 7500 | G22: 750 | H22: الدمام | I22: =IF(F22>5000,"أداء مرتفع","أداء متوسط") -> أداء مرتفع
